linter,tags
absolute_path_linter,robustness best_practices configurable
any_duplicated_linter,efficiency best_practices
any_is_na_linter,efficiency best_practices
assignment_linter,style consistency default
backport_linter,robustness configurable package_development
brace_linter,style readability default configurable
class_equals_linter,best_practices robustness consistency
closed_curly_linter,style readability deprecated configurable
commas_linter,style readability default
commented_code_linter,style readability best_practices default
condition_message_linter,best_practices consistency
conjunct_test_linter,package_development best_practices readability
consecutive_stopifnot_linter,style readability consistency
cyclocomp_linter,style readability best_practices default configurable
duplicate_argument_linter,correctness common_mistakes configurable
equals_na_linter,robustness correctness common_mistakes default
expect_comparison_linter,package_development best_practices
expect_identical_linter,package_development
expect_length_linter,package_development best_practices readability
expect_named_linter,package_development best_practices readability
expect_not_linter,package_development best_practices readability
expect_null_linter,package_development best_practices
expect_s3_class_linter,package_development best_practices
expect_s4_class_linter,package_development best_practices
expect_true_false_linter,package_development best_practices readability
expect_type_linter,package_development best_practices
extraction_operator_linter,style best_practices
fixed_regex_linter,best_practices readability efficiency
function_argument_linter,style consistency best_practices
function_left_parentheses_linter,style readability default
ifelse_censor_linter,best_practices efficiency
implicit_integer_linter,style consistency best_practices
infix_spaces_linter,style readability default
inner_combine_linter,efficiency consistency readability
line_length_linter,style readability default configurable
literal_coercion_linter,best_practices consistency efficiency
missing_argument_linter,correctness common_mistakes configurable
missing_package_linter,robustness common_mistakes
namespace_linter,correctness robustness configurable executing
nested_ifelse_linter,efficiency readability
no_tab_linter,style consistency default
nonportable_path_linter,robustness best_practices configurable
numeric_leading_zero_linter,style consistency readability
object_length_linter,style readability default configurable executing
object_name_linter,style consistency default configurable executing
object_usage_linter,style readability correctness default executing
open_curly_linter,style readability deprecated configurable
outer_negation_linter,readability efficiency best_practices
package_hooks_linter,style correctness package_development
paren_body_linter,style readability default
paren_brace_linter,style readability deprecated
paste_linter,best_practices consistency
pipe_call_linter,style readability
pipe_continuation_linter,style readability default
redundant_ifelse_linter,best_practices efficiency consistency
regex_subset_linter,best_practices efficiency
semicolon_linter,style readability default configurable
semicolon_terminator_linter,style readability deprecated configurable
seq_linter,robustness efficiency consistency best_practices default
single_quotes_linter,style consistency readability default
spaces_inside_linter,style readability default
spaces_left_parentheses_linter,style readability default
sprintf_linter,correctness common_mistakes
string_boundary_linter,readability efficiency
strings_as_factors_linter,robustness
system_file_linter,consistency readability best_practices
T_and_F_symbol_linter,style readability robustness consistency best_practices default
todo_comment_linter,style configurable
trailing_blank_lines_linter,style default
trailing_whitespace_linter,style default
undesirable_function_linter,style efficiency configurable robustness best_practices
undesirable_operator_linter,style efficiency configurable robustness best_practices
unneeded_concatenation_linter,style readability efficiency configurable
unreachable_code_linter,best_practices readability
unused_import_linter,best_practices common_mistakes configurable executing
vector_logic_linter,default efficiency best_practices
yoda_test_linter,package_development best_practices readability
